Model,Fold_1,Fold_2,Fold_3,Fold_4,Fold_5,Mean_ROC_AUC,Std_ROC_AUC
Logistic Regression,0.8575226095014261,0.8591196401116108,0.8348844693479778,0.8359060854785889,0.8385073373958464,0.84518802836709,0.010799825199127725
Decision Tree,0.8377538553923726,0.8400665731398606,0.8110698166925765,0.8081498984371761,0.8265490921527174,0.8247178471629407,0.01318817666384953
Random Forest,0.8573310693634139,0.8605251305837832,0.8274683435891714,0.8339966007544666,0.8408313642581768,0.8440305017098024,0.012916629684459656
